Response,Detergent,Pen
0.970000029,1,1
0.769999981,1,2
0.670000017,1,3
0.479999989,2,1
0.140000001,2,2
0.389999986,2,3
0.479999989,3,1
0.219999999,3,2
0.569999993,3,3
0.460000008,4,1
0.25,4,2
0.189999998,4,3
