filtrate,moistcon
125.3000031,77.90000153
98.19999695,76.80000305
201.3999939,81.5
147.3000031,79.80000305
145.8999939,78.19999695
124.6999969,78.30000305
112.1999969,77.5
120.1999969,77
161.1999969,80.09999847
178.8999939,80.19999695
159.5,79.90000153
145.8000031,79
75.09999847,76.69999695
151.3999939,78.19999695
144.1999969,79.5
125,78.09999847
198.8000031,81.5
132.5,77
159.6000061,79
110.6999969,78.59999847
